{"cancel_flag":{"0":1,"1":2,"2":"all"},"count":{"0":942,"1":4643,"2":5585},"percentage":{"0":16.866606983,"1":83.133393017,"2":100.0},"mean_generic_AScore":{"0":4.5250945,"1":4.3269312501,"2":4.3603546666},"mean_original_AScore":{"0":4.2571364207,"1":4.2182899684,"2":4.2248420469},"score_growth":{"0":0.2679580793,"1":0.1086412816,"2":0.1355126197},"std_generic_AScore":{"0":0.0,"1":0.3827184416,"2":0.3567506717},"min_generic_AScore":{"0":4.5250945,"1":2.1817346,"2":2.1817346},"max_generic_AScore":{"0":4.5250945,"1":5.6279945,"2":5.6279945},"median_generic_AScore":{"0":4.5250945,"1":4.327086,"2":4.427479},"flag_description":{"0":"cut_generation","1":"clear_generation","2":"all_records"}}