{
  "model_name": "Qwen3-8B",
  "avg_AScore": 4.3308714694594,
  "growth": 0.1081140835666595,
  "percent_clear_gen": 0.8313339301700985,
  "percent_cut_gen": 0.1686660698299015,
  "percent_wrong_gen": 0.0,
  "model_config": {
    "max_new_tokens": 1500,
    "thinking_mode": false,
    "RAG_used": false
  },
  "timestamp": "2025-05-20T13:38:39.911036"
}