{"cancel_flag":{"0":1,"1":2,"2":"all"},"count":{"0":1073,"1":10097,"2":11170},"percentage":{"0":9.606087735,"1":90.393912265,"2":100.0},"mean_generic_AScore":{"0":4.5250930997,"1":4.2631199601,"2":4.2882853297},"mean_original_AScore":{"0":4.2680432278,"1":4.22543081,"2":4.2295241963},"score_growth":{"0":0.2570498719,"1":0.0376891501,"2":0.0587611335},"std_generic_AScore":{"0":0.0000458685,"1":0.3870190388,"2":0.3759707168},"min_generic_AScore":{"0":4.523592,"1":2.0988576,"2":2.0988576},"max_generic_AScore":{"0":4.5250945,"1":5.948924,"2":5.948924},"median_generic_AScore":{"0":4.5250945,"1":4.2648635,"2":4.31472465},"flag_description":{"0":"cut_generation","1":"clear_generation","2":"all_records"}}